1,1,2,"2018-10-2"
2,1,2,"2019-10-3"
3,2,1,"2017-6-24"
4,2,1,"2017-7-24"
5,3,1,"2017-9-10"
6,4,2,"2019-1-3"
7,5,2,"2017-2-2"
8,5,2,"2018-2-2"
9,5,2,"2019-2-2"
10,6,2,"2017-9-7"
11,6,2,"2018-9-7"
12,6,2,"2019-9-7"
13,7,1,"2018-10-11"
14,7,1,"2018-11-11"
15,8,1,"2017-10-21"
16,8,1,"2017-11-21"
17,8,1,"2017-12-21"
18,8,1,"2018-1-21"
19,8,1,"2018-2-21"
20,8,1,"2018-3-21"
21,8,1,"2018-4-21"
22,8,1,"2018-5-22"
23,8,1,"2018-6-22"
24,9,2,"2019-5-8"
25,10,2,"2018-3-5"
26,11,2,"2019-9-5"
27,12,2,"2018-3-19"
28,12,2,"2019-3-19"
29,13,2,"2017-1-31"
30,13,2,"2018-1-31"
31,13,2,"2019-2-1"
32,14,2,"2019-2-25"
33,15,2,"2017-1-21"
34,15,2,"2018-1-22"
35,15,2,"2019-1-22"
36,16,2,"2018-5-15"
37,16,2,"2019-5-15"
38,17,2,"2019-8-19"
39,18,2,"2017-8-4"
40,19,2,"2019-9-15"
41,20,2,"2017-6-24"
42,20,2,"2018-6-24"
43,20,2,"2019-6-25"
44,21,2,"2017-5-22"
45,21,2,"2018-5-22"
46,21,2,"2019-5-22"
47,22,2,"2017-11-26"
48,23,2,"2019-6-23"
49,24,2,"2019-6-11"
50,25,1,"2019-5-26"
51,25,1,"2019-6-26"
52,25,1,"2019-7-26"
53,25,1,"2019-8-26"
54,25,1,"2019-9-26"
55,25,1,"2019-10-26"
56,26,1,"2017-5-21"
57,26,1,"2017-6-21"
58,26,1,"2017-7-21"
59,27,1,"2017-5-23"
60,27,1,"2017-6-23"
61,27,1,"2017-7-24"
62,27,1,"2017-8-26"
63,27,1,"2017-9-26"
64,28,1,"2018-12-30"
65,28,1,"2019-1-30"
66,28,1,"2019-2-28"
67,28,1,"2019-3-28"
68,28,1,"2019-4-28"
69,29,2,"2019-9-24"
70,30,1,"2017-1-26"
71,30,1,"2017-2-26"
72,31,2,"2018-8-2"
73,31,2,"2019-8-2"
74,32,2,"2017-9-13"
75,33,1,"2018-2-27"
76,33,1,"2018-3-27"
77,33,1,"2018-4-27"
78,33,1,"2018-5-27"
79,33,1,"2018-6-27"
80,33,1,"2018-7-27"
81,33,1,"2018-8-27"
82,34,2,"2018-9-19"
83,34,2,"2019-9-19"
84,35,2,"2018-3-2"
85,35,2,"2019-3-2"
86,36,2,"2017-1-6"
87,36,2,"2018-1-6"
88,36,2,"2019-1-6"
89,37,2,"2017-7-23"
90,37,2,"2018-7-23"
91,37,2,"2019-7-23"
92,38,2,"2019-8-4"
93,39,2,"2018-10-12"
94,39,2,"2019-10-12"
95,40,2,"2019-8-9"
96,41,1,"2019-3-3"
97,41,1,"2019-4-5"
98,42,2,"2017-6-2"
99,43,2,"2019-8-31"
100,44,2,"2018-9-12"
101,44,2,"2019-9-12"
102,45,1,"2018-1-17"
103,45,1,"2018-2-17"
104,45,1,"2018-3-17"
105,45,1,"2018-4-17"
106,46,2,"2018-5-29"
107,46,2,"2019-5-29"
108,47,2,"2018-6-3"
109,47,2,"2019-6-3"
110,48,1,"2017-1-26"
111,48,1,"2017-2-26"
112,48,1,"2017-3-26"
113,49,2,"2018-4-20"
114,49,2,"2019-4-20"
115,50,1,"2019-3-20"
116,50,1,"2019-4-20"
117,50,1,"2019-5-20"
118,50,1,"2019-6-20"
119,50,1,"2019-7-20"
120,50,1,"2019-8-20"
121,51,2,"2017-12-10"
122,51,2,"2018-12-10"
123,52,2,"2019-8-27"
124,53,1,"2019-10-16"
125,54,2,"2017-7-6"
126,55,1,"2019-4-6"
127,55,1,"2019-5-7"
128,55,1,"2019-6-7"
129,56,2,"2018-7-1"
130,56,2,"2019-7-1"
131,57,2,"2019-7-20"
132,58,2,"2018-1-18"
133,58,2,"2019-1-18"
134,59,2,"2019-7-5"
135,60,1,"2019-7-3"
136,60,1,"2019-8-3"
137,61,2,"2018-7-21"
138,61,2,"2019-7-21"
139,62,2,"2017-3-3"
140,62,2,"2018-3-3"
141,62,2,"2019-3-3"
142,63,2,"2019-2-8"
143,64,2,"2018-5-14"
144,64,2,"2019-5-14"
145,65,1,"2019-5-7"
146,65,1,"2019-6-7"
147,65,1,"2019-7-7"
148,65,1,"2019-8-7"
149,65,1,"2019-9-7"
150,65,1,"2019-10-7"
151,66,2,"2017-11-12"
152,66,2,"2018-11-12"
153,67,2,"2018-11-29"
154,68,1,"2018-11-15"
155,68,1,"2018-12-15"
156,69,2,"2018-6-10"
157,69,2,"2019-6-10"
158,70,2,"2019-7-15"
159,71,2,"2018-11-29"
160,72,1,"2019-5-15"
161,73,1,"2017-2-24"
162,74,1,"2017-1-23"
163,74,1,"2017-2-24"
164,75,2,"2017-9-7"
165,75,2,"2018-9-7"
166,75,2,"2019-9-7"
167,76,2,"2017-8-25"
168,77,2,"2019-6-22"
169,78,2,"2018-9-27"
170,78,2,"2019-9-27"
171,79,2,"2017-12-3"
172,79,2,"2018-12-3"
173,80,2,"2017-10-21"
174,81,2,"2017-9-23"
175,81,2,"2018-9-23"
176,81,2,"2019-9-23"
177,82,2,"2017-2-12"
178,83,2,"2017-11-16"
179,84,2,"2017-5-19"
180,84,2,"2018-5-19"
181,84,2,"2019-5-19"
182,85,2,"2019-3-2"
183,86,2,"2017-12-15"
184,86,2,"2018-12-15"
185,87,1,"2017-8-24"
186,87,1,"2017-9-24"
187,87,1,"2017-10-24"
188,88,1,"2017-6-20"
189,88,1,"2017-7-20"
190,88,1,"2017-8-20"
191,88,1,"2017-9-20"
192,88,1,"2017-10-20"
193,88,1,"2017-11-20"
194,89,2,"2019-4-12"
195,90,2,"2018-9-18"
196,90,2,"2019-9-18"
197,91,1,"2017-9-3"
198,92,2,"2018-2-4"
199,92,2,"2019-2-4"
200,93,1,"2019-2-1"
201,93,1,"2019-3-1"
202,93,1,"2019-4-1"
203,93,1,"2019-5-1"
204,93,1,"2019-6-1"
205,94,2,"2019-5-10"
206,95,2,"2019-8-15"
207,96,2,"2017-10-8"
208,96,2,"2018-10-8"
209,97,2,"2019-3-31"
210,98,2,"2019-8-19"
211,99,2,"2017-1-21"
212,99,2,"2018-1-21"
213,99,2,"2019-1-21"
214,100,1,"2018-6-25"
215,100,1,"2018-7-25"
216,100,1,"2018-8-26"
217,101,2,"2018-2-5"
218,101,2,"2019-2-5"
219,102,2,"2018-12-1"
220,103,2,"2019-5-10"
221,104,1,"2017-7-16"
222,104,1,"2017-8-16"
223,105,2,"2017-11-23"
224,105,2,"2018-11-23"
225,106,2,"2018-7-5"
226,106,2,"2019-7-5"
227,107,2,"2017-9-23"
228,107,2,"2018-9-23"
229,107,2,"2019-9-23"
230,108,2,"2018-2-1"
231,108,2,"2019-2-1"
232,109,2,"2018-8-14"
233,109,2,"2019-8-14"
234,110,2,"2018-3-5"
235,110,2,"2019-3-5"
236,111,2,"2018-6-11"
237,111,2,"2019-6-11"
238,112,1,"2018-11-2"
239,113,2,"2018-7-29"
240,113,2,"2019-7-30"
241,114,2,"2017-10-19"
242,114,2,"2018-10-19"
243,114,2,"2019-10-19"
244,115,1,"2017-2-12"
245,115,1,"2017-3-12"
246,115,1,"2017-4-12"
247,115,1,"2017-5-12"
248,115,1,"2017-6-12"
249,115,1,"2017-7-12"
250,115,1,"2017-8-12"
251,115,1,"2017-9-12"
252,115,1,"2017-10-12"
253,115,1,"2017-11-12"
254,115,1,"2017-12-12"
255,115,1,"2018-1-12"
256,115,1,"2018-2-12"
257,116,1,"2017-7-18"
258,116,1,"2017-8-18"
259,116,1,"2017-9-18"
260,116,1,"2017-10-18"
261,116,1,"2017-11-18"
262,116,1,"2017-12-18"
263,116,1,"2018-1-18"
264,117,1,"2018-12-19"
265,117,1,"2019-1-20"
266,117,1,"2019-2-20"
267,117,1,"2019-3-20"
268,117,1,"2019-4-20"
269,118,2,"2019-8-28"
270,119,2,"2017-9-10"
271,119,2,"2018-9-10"
272,120,2,"2017-11-1"
273,121,1,"2018-3-29"
274,121,1,"2018-4-29"
275,121,1,"2018-5-29"
276,121,1,"2018-6-29"
277,121,1,"2018-7-29"
278,121,1,"2018-8-29"
279,121,1,"2018-9-29"
280,121,1,"2018-10-29"
281,121,1,"2018-11-29"
282,121,1,"2018-12-30"
283,121,1,"2019-1-31"
284,122,2,"2018-4-6"
285,122,2,"2019-4-6"
286,123,1,"2018-2-22"
287,123,1,"2018-3-23"
288,123,1,"2018-4-24"
289,123,1,"2018-5-24"
290,123,1,"2018-6-24"
291,123,1,"2018-7-25"
292,123,1,"2018-8-26"
293,123,1,"2018-9-26"
294,123,1,"2018-10-26"
295,124,2,"2017-8-21"
296,124,2,"2018-8-21"
297,124,2,"2019-8-22"
298,125,2,"2018-10-1"
299,125,2,"2019-10-1"
300,126,2,"2017-8-2"
301,127,1,"2018-1-27"
302,127,1,"2018-2-27"
303,128,2,"2019-1-21"
304,129,2,"2017-7-13"
305,129,2,"2018-7-13"
306,129,2,"2019-7-13"
307,130,2,"2019-10-14"
308,131,2,"2018-11-7"
309,131,2,"2019-11-7"
310,132,2,"2019-4-1"
311,133,2,"2017-12-8"
312,134,2,"2017-11-25"
313,135,1,"2018-11-7"
314,135,1,"2018-12-7"
315,135,1,"2019-1-7"
316,135,1,"2019-2-7"
317,135,1,"2019-3-7"
318,135,1,"2019-4-7"
319,135,1,"2019-5-7"
320,135,1,"2019-6-7"
321,135,1,"2019-7-7"
322,135,1,"2019-8-7"
323,136,1,"2019-1-31"
324,136,1,"2019-2-28"
325,136,1,"2019-3-28"
326,136,1,"2019-4-28"
327,136,1,"2019-5-28"
328,136,1,"2019-6-28"
329,137,2,"2018-8-7"
330,138,1,"2019-1-15"
331,138,1,"2019-2-15"
332,138,1,"2019-3-15"
333,138,1,"2019-4-15"
334,138,1,"2019-5-15"
335,139,1,"2018-10-18"
336,140,2,"2018-12-30"
337,141,2,"2019-9-3"
338,142,2,"2019-9-1"
339,143,2,"2017-10-4"
340,143,2,"2018-10-4"
341,143,2,"2019-10-4"
342,144,2,"2018-9-23"
343,144,2,"2019-9-23"
344,145,2,"2018-12-13"
345,146,2,"2018-6-7"
346,146,2,"2019-6-7"
347,147,2,"2017-5-19"
348,148,2,"2018-4-23"
349,149,2,"2017-6-28"
350,149,2,"2018-6-28"
351,149,2,"2019-6-29"
352,150,2,"2018-6-27"
353,150,2,"2019-6-27"
354,151,1,"2017-12-6"
355,151,1,"2018-1-6"
356,151,1,"2018-2-6"
357,151,1,"2018-3-6"
358,151,1,"2018-4-6"
359,151,1,"2018-5-6"
360,151,1,"2018-6-6"
361,151,1,"2018-7-7"
362,152,2,"2018-10-11"
363,152,2,"2019-10-11"
364,153,1,"2019-1-10"
365,153,1,"2019-2-10"
366,154,2,"2019-8-18"
367,155,2,"2018-10-16"
368,155,2,"2019-10-16"
369,156,2,"2017-4-19"
370,157,2,"2018-2-5"
371,157,2,"2019-2-5"
372,158,1,"2018-4-10"
373,159,2,"2019-8-1"
374,160,2,"2019-10-26"
375,161,1,"2017-2-19"
376,162,1,"2018-1-2"
377,162,1,"2018-2-2"
378,162,1,"2018-3-2"
379,163,1,"2018-4-17"
380,163,1,"2018-5-17"
381,163,1,"2018-6-17"
382,163,1,"2018-7-17"
383,163,1,"2018-8-17"
384,164,2,"2018-8-12"
385,165,1,"2019-5-27"
386,165,1,"2019-6-27"
387,165,1,"2019-7-27"
388,165,1,"2019-8-27"
389,165,1,"2019-9-27"
390,165,1,"2019-10-27"
391,166,2,"2019-8-5"
392,167,1,"2018-4-3"
393,167,1,"2018-5-3"
394,167,1,"2018-6-3"
395,167,1,"2018-7-3"
396,167,1,"2018-8-3"
397,167,1,"2018-9-3"
398,167,1,"2018-10-3"
399,167,1,"2018-11-3"
400,167,1,"2018-12-3"
401,167,1,"2019-1-3"
402,167,1,"2019-2-3"
403,167,1,"2019-3-3"
404,167,1,"2019-4-3"
405,168,2,"2019-9-2"
406,169,2,"2017-8-21"
407,169,2,"2018-8-22"
408,169,2,"2019-8-22"
409,170,2,"2019-7-14"
410,171,2,"2017-5-10"
411,172,2,"2018-5-29"
412,172,2,"2019-5-30"
413,173,2,"2017-7-15"
414,173,2,"2018-7-15"
415,174,2,"2019-6-10"
416,175,1,"2017-12-17"
417,175,1,"2018-1-17"
418,175,1,"2018-2-17"
419,175,1,"2018-3-17"
420,175,1,"2018-4-18"
421,176,1,"2018-2-13"
422,176,1,"2018-3-13"
423,176,1,"2018-4-13"
424,176,1,"2018-5-13"
425,176,1,"2018-6-13"
426,176,1,"2018-7-13"
427,176,1,"2018-8-13"
428,176,1,"2018-9-13"
429,176,1,"2018-10-13"
430,176,1,"2018-11-13"
431,177,1,"2019-10-7"
432,178,2,"2017-10-31"
433,178,2,"2018-10-31"
434,178,2,"2019-10-31"
435,179,2,"2017-5-15"
436,179,2,"2018-5-16"
437,179,2,"2019-5-16"
438,180,2,"2017-3-17"
439,180,2,"2018-3-17"
440,180,2,"2019-3-17"
441,181,2,"2019-8-13"
442,182,1,"2018-9-17"
443,182,1,"2018-10-17"
444,182,1,"2018-11-17"
445,182,1,"2018-12-17"
446,182,1,"2019-1-18"
447,182,1,"2019-2-18"
448,182,1,"2019-3-18"
449,182,1,"2019-4-18"
450,182,1,"2019-5-18"
451,182,1,"2019-6-18"
452,183,2,"2019-6-26"
453,184,2,"2019-7-22"
454,185,1,"2017-3-13"
455,185,1,"2017-4-13"
456,185,1,"2017-5-14"
457,185,1,"2017-6-14"
458,185,1,"2017-7-14"
459,186,1,"2019-10-10"
460,187,2,"2018-5-19"
461,187,2,"2019-5-19"
462,188,2,"2017-11-4"
463,188,2,"2018-11-4"
464,188,2,"2019-11-4"
465,189,2,"2017-1-2"
466,189,2,"2018-1-2"
467,189,2,"2019-1-2"
468,190,2,"2019-10-12"
469,191,2,"2017-10-17"
470,192,2,"2017-1-28"
471,193,1,"2017-7-5"
472,193,1,"2017-8-5"
473,193,1,"2017-9-5"
474,193,1,"2017-10-5"
475,194,2,"2017-4-7"
476,194,2,"2018-4-7"
477,195,2,"2017-5-23"
478,195,2,"2018-5-23"
479,195,2,"2019-5-23"
480,196,1,"2017-5-20"
481,196,1,"2017-6-20"
482,196,1,"2017-7-20"
483,196,1,"2017-8-20"
484,196,1,"2017-9-20"
485,196,1,"2017-10-20"
486,197,1,"2017-7-21"
487,198,1,"2019-10-12"
488,199,2,"2019-10-23"
489,200,2,"2018-9-7"
490,200,2,"2019-9-7"
491,201,2,"2017-8-25"
492,201,2,"2018-8-25"
493,202,2,"2018-3-19"
494,203,1,"2018-5-18"
495,203,1,"2018-6-18"
496,204,1,"2017-11-30"
497,204,1,"2017-12-30"
498,204,1,"2018-1-30"
499,205,1,"2018-8-13"
500,205,1,"2018-9-13"
501,206,2,"2017-4-20"
502,206,2,"2018-4-20"
503,206,2,"2019-4-20"
504,207,1,"2017-9-4"
505,208,2,"2019-1-30"
506,209,2,"2017-7-21"
507,209,2,"2018-7-21"
508,209,2,"2019-7-21"
509,210,2,"2019-7-25"
510,211,1,"2018-2-22"
511,211,1,"2018-3-22"
512,212,1,"2019-6-13"
513,213,2,"2017-6-1"
514,214,2,"2017-10-3"
515,214,2,"2018-10-3"
516,214,2,"2019-10-3"
517,215,1,"2018-6-16"
518,215,1,"2018-7-16"
519,215,1,"2018-8-16"
520,215,1,"2018-9-16"
521,215,1,"2018-10-16"
522,215,1,"2018-11-17"
523,215,1,"2018-12-17"
524,216,2,"2017-7-15"
525,216,2,"2018-7-15"
526,216,2,"2019-7-15"
527,217,1,"2018-12-19"
528,217,1,"2019-1-19"
529,217,1,"2019-2-19"
530,218,2,"2019-8-11"
531,219,2,"2018-7-2"
532,219,2,"2019-7-2"
533,220,2,"2017-7-29"
534,220,2,"2018-7-30"
535,220,2,"2019-7-30"
536,221,2,"2017-12-28"
537,221,2,"2018-12-28"
538,222,1,"2017-11-27"
539,222,1,"2017-12-27"
540,222,1,"2018-1-27"
541,222,1,"2018-2-27"
542,222,1,"2018-3-27"
543,223,2,"2017-3-18"
544,224,1,"2017-1-11"
545,224,1,"2017-2-12"
546,224,1,"2017-3-13"
547,224,1,"2017-4-13"
548,224,1,"2017-5-13"
549,224,1,"2017-6-13"
550,224,1,"2017-7-13"
551,224,1,"2017-8-13"
552,224,1,"2017-9-13"
553,224,1,"2017-10-13"
554,224,1,"2017-11-13"
555,224,1,"2017-12-13"
556,224,1,"2018-1-13"
557,224,1,"2018-2-13"
558,224,1,"2018-3-13"
559,224,1,"2018-4-13"
560,224,1,"2018-5-13"
561,225,2,"2019-9-26"
562,226,2,"2018-3-7"
563,226,2,"2019-3-7"
564,227,1,"2017-3-7"
565,227,1,"2017-4-7"
566,227,1,"2017-5-7"
567,227,1,"2017-6-7"
568,227,1,"2017-7-7"
569,228,2,"2018-9-5"
570,228,2,"2019-9-6"
571,229,2,"2018-4-1"
572,230,2,"2019-6-25"
573,231,2,"2018-8-28"
574,231,2,"2019-8-28"
575,232,1,"2019-9-17"
576,232,1,"2019-10-17"
577,233,2,"2017-5-14"
578,233,2,"2018-5-14"
579,233,2,"2019-5-14"
580,234,1,"2017-9-27"
581,235,1,"2018-10-3"
582,235,1,"2018-11-3"
583,235,1,"2018-12-3"
584,235,1,"2019-1-3"
585,235,1,"2019-2-3"
586,235,1,"2019-3-3"
587,236,1,"2019-1-1"
588,236,1,"2019-2-1"
589,236,1,"2019-3-2"
590,236,1,"2019-4-2"
591,236,1,"2019-5-3"
592,236,1,"2019-6-3"
593,236,1,"2019-7-3"
594,237,2,"2019-10-24"
595,238,2,"2019-9-23"
596,239,2,"2017-7-29"
597,239,2,"2018-7-29"
598,239,2,"2019-7-29"
599,240,1,"2017-7-27"
600,240,1,"2017-8-27"
601,240,1,"2017-9-27"
602,240,1,"2017-10-27"
603,240,1,"2017-11-27"
604,240,1,"2017-12-27"
605,240,1,"2018-1-27"
606,240,1,"2018-2-27"
607,240,1,"2018-3-27"
608,241,2,"2019-1-4"
609,242,2,"2017-3-27"
610,242,2,"2018-3-27"
611,242,2,"2019-3-27"
612,243,1,"2018-3-8"
613,243,1,"2018-4-8"
614,243,1,"2018-5-8"
615,243,1,"2018-6-8"
616,243,1,"2018-7-8"
617,243,1,"2018-8-10"
618,243,1,"2018-9-10"
619,244,2,"2018-7-10"
620,244,2,"2019-7-10"
621,245,2,"2017-10-7"
622,245,2,"2018-10-7"
623,246,2,"2017-1-7"
624,246,2,"2018-1-7"
625,246,2,"2019-1-7"
626,247,2,"2019-2-26"
627,248,2,"2017-5-6"
628,248,2,"2018-5-6"
629,248,2,"2019-5-6"
630,249,2,"2018-1-10"
631,249,2,"2019-1-10"
632,250,2,"2019-3-9"
633,251,1,"2019-2-1"
634,251,1,"2019-3-1"
635,251,1,"2019-4-1"
636,251,1,"2019-5-1"
637,251,1,"2019-6-1"
638,252,2,"2017-12-15"
639,252,2,"2018-12-16"
640,253,2,"2017-8-4"
641,253,2,"2018-8-5"
642,253,2,"2019-8-5"
643,254,1,"2018-4-25"
644,254,1,"2018-5-25"
645,254,1,"2018-6-26"
646,254,1,"2018-7-26"
647,254,1,"2018-8-26"
648,254,1,"2018-9-26"
649,254,1,"2018-10-26"
650,254,1,"2018-11-27"
651,254,1,"2018-12-27"
652,254,1,"2019-1-27"
653,255,2,"2018-8-7"
654,255,2,"2019-8-7"
655,256,2,"2017-8-13"
656,257,2,"2017-12-21"
657,257,2,"2018-12-21"
658,258,1,"2017-11-23"
659,259,2,"2019-4-4"
660,260,2,"2018-12-5"
661,261,2,"2018-12-19"
662,262,2,"2017-11-26"
663,262,2,"2018-11-26"
664,263,2,"2017-3-13"
665,263,2,"2018-3-13"
666,264,2,"2017-8-4"
667,264,2,"2018-8-4"
668,264,2,"2019-8-4"
669,265,2,"2017-8-21"
670,265,2,"2018-8-21"
671,266,2,"2017-8-23"
672,266,2,"2018-8-23"
673,267,2,"2017-7-10"
674,267,2,"2018-7-10"
675,268,2,"2018-8-9"
676,268,2,"2019-8-10"
677,269,2,"2019-11-1"
678,270,1,"2018-11-7"
679,271,1,"2017-12-26"
680,271,1,"2018-1-26"
681,271,1,"2018-2-26"
682,272,2,"2018-2-12"
683,273,2,"2017-12-3"
684,274,2,"2019-5-10"
685,275,2,"2019-7-24"
686,276,2,"2019-1-16"
687,277,2,"2017-1-19"
688,277,2,"2018-1-19"
689,277,2,"2019-1-19"
690,278,2,"2017-8-11"
691,279,2,"2017-1-4"
692,279,2,"2018-1-4"
693,279,2,"2019-1-4"
694,280,2,"2018-6-9"
695,280,2,"2019-6-10"
696,281,2,"2017-6-16"
697,282,1,"2018-7-30"
698,282,1,"2018-8-30"
699,283,2,"2017-4-9"
700,283,2,"2018-4-9"
701,283,2,"2019-4-9"
702,284,2,"2018-4-9"
703,285,2,"2017-9-2"
704,285,2,"2018-9-2"
705,285,2,"2019-9-2"
706,286,2,"2019-9-14"
707,287,2,"2017-3-31"
708,287,2,"2018-3-31"
709,287,2,"2019-3-31"
710,288,2,"2017-6-21"
711,288,2,"2018-6-21"
712,288,2,"2019-6-21"
713,289,1,"2017-6-17"
714,289,1,"2017-7-17"
715,289,1,"2017-8-17"
716,289,1,"2017-9-17"
717,289,1,"2017-10-18"
718,289,1,"2017-11-18"
719,289,1,"2017-12-18"
720,289,1,"2018-1-19"
721,289,1,"2018-2-19"
722,289,1,"2018-3-19"
723,289,1,"2018-4-20"
724,290,1,"2018-1-14"
725,290,1,"2018-2-14"
726,290,1,"2018-3-14"
727,290,1,"2018-4-14"
728,290,1,"2018-5-14"
729,291,1,"2018-1-26"
730,291,1,"2018-2-26"
731,292,2,"2018-11-6"
732,292,2,"2019-11-6"
733,293,2,"2018-2-11"
734,293,2,"2019-2-11"
735,294,2,"2017-7-23"
736,295,1,"2018-11-4"
737,295,1,"2018-12-4"
738,295,1,"2019-1-4"
739,295,1,"2019-2-4"
740,296,2,"2017-7-19"
741,296,2,"2018-7-19"
742,296,2,"2019-7-19"
743,297,2,"2018-10-29"
744,297,2,"2019-10-29"
745,298,2,"2018-8-3"
746,298,2,"2019-8-3"
747,299,2,"2019-1-3"
748,300,2,"2019-9-8"
749,301,2,"2017-3-14"
750,301,2,"2018-3-17"
751,302,2,"2018-11-14"
752,303,2,"2017-7-18"
753,303,2,"2018-7-18"
754,303,2,"2019-7-18"
755,304,1,"2019-10-25"
756,305,1,"2019-3-31"
757,305,1,"2019-4-30"
758,306,2,"2018-3-24"
759,306,2,"2019-3-24"
760,307,2,"2019-8-1"
761,308,2,"2017-12-22"
762,308,2,"2018-12-22"
763,309,2,"2019-10-22"
764,310,2,"2017-3-17"
765,311,2,"2018-3-10"
766,312,2,"2019-2-7"
767,313,2,"2019-9-11"
768,314,2,"2017-12-20"
769,314,2,"2018-12-20"
770,315,2,"2019-6-23"
771,316,2,"2018-12-10"
772,317,2,"2019-4-28"
773,318,2,"2019-6-12"
774,319,2,"2017-3-20"
775,319,2,"2018-3-20"
776,319,2,"2019-3-20"
777,320,2,"2018-2-7"
778,321,2,"2019-4-11"
779,322,2,"2017-6-26"
780,322,2,"2018-6-26"
781,322,2,"2019-6-26"
782,323,2,"2018-1-12"
783,323,2,"2019-1-12"
784,324,2,"2018-10-17"
785,324,2,"2019-10-17"
786,325,1,"2019-1-1"
787,325,1,"2019-2-1"
788,325,1,"2019-3-1"
789,325,1,"2019-4-1"
790,325,1,"2019-5-2"
791,325,1,"2019-6-2"
792,325,1,"2019-7-2"
793,325,1,"2019-8-2"
794,326,2,"2019-2-20"
795,327,2,"2018-5-16"
796,327,2,"2019-5-16"
797,328,2,"2017-6-7"
798,328,2,"2018-6-7"
799,328,2,"2019-6-7"
800,329,1,"2018-3-28"
801,330,1,"2019-5-2"
802,330,1,"2019-6-2"
803,331,2,"2019-9-14"
804,332,1,"2019-8-19"
805,332,1,"2019-9-19"
806,332,1,"2019-10-19"
807,333,2,"2017-3-12"
808,333,2,"2018-3-12"
809,333,2,"2019-3-12"
810,334,1,"2018-10-25"
811,334,1,"2018-11-25"
812,334,1,"2018-12-25"
813,334,1,"2019-1-26"
814,334,1,"2019-2-26"
815,335,2,"2017-11-17"
816,335,2,"2018-11-17"
817,336,2,"2017-7-8"
818,336,2,"2018-7-8"
819,336,2,"2019-7-8"
820,337,2,"2017-2-13"
821,337,2,"2018-2-13"
822,338,2,"2019-1-28"
823,339,2,"2018-2-7"
824,339,2,"2019-2-7"
825,340,2,"2019-10-20"
826,341,2,"2019-6-24"
827,342,2,"2017-8-19"
828,342,2,"2018-8-19"
829,343,2,"2017-1-26"
830,343,2,"2018-1-26"
831,344,2,"2019-2-6"
832,345,2,"2019-3-22"
833,346,1,"2019-8-27"
834,346,1,"2019-9-27"
835,346,1,"2019-10-27"
836,347,1,"2018-5-28"
837,347,1,"2018-6-28"
838,347,1,"2018-7-29"
839,347,1,"2018-8-29"
840,347,1,"2018-9-29"
841,348,1,"2019-1-12"
842,348,1,"2019-2-12"
843,348,1,"2019-3-12"
844,348,1,"2019-4-12"
845,349,1,"2017-6-28"
846,349,1,"2017-7-28"
847,349,1,"2017-8-28"
848,349,1,"2017-9-28"
849,349,1,"2017-10-28"
850,349,1,"2017-11-28"
851,349,1,"2017-12-28"
852,349,1,"2018-1-28"
853,350,2,"2017-11-30"
854,350,2,"2018-11-30"
855,351,2,"2019-1-15"
856,352,2,"2018-9-26"
857,352,2,"2019-9-26"
858,353,2,"2017-7-22"
859,354,2,"2018-5-29"
860,354,2,"2019-5-29"
861,355,2,"2019-5-21"
862,356,2,"2018-12-6"
863,357,2,"2018-1-5"
864,357,2,"2019-1-5"
865,358,1,"2019-1-8"
866,358,1,"2019-2-8"
867,358,1,"2019-3-8"
868,359,2,"2018-3-12"
869,360,2,"2019-6-19"
870,361,2,"2018-2-26"
871,361,2,"2019-2-26"
872,362,2,"2019-3-4"
873,363,2,"2017-4-6"
874,363,2,"2018-4-6"
875,364,2,"2018-2-4"
876,364,2,"2019-2-5"
877,365,2,"2019-6-16"
878,366,2,"2019-1-14"
879,367,2,"2018-6-6"
880,367,2,"2019-6-6"
881,368,2,"2017-11-5"
882,368,2,"2018-11-5"
883,368,2,"2019-11-5"
884,369,1,"2018-11-3"
885,369,1,"2018-12-3"
886,369,1,"2019-1-3"
887,370,2,"2018-7-13"
888,370,2,"2019-7-13"
889,371,2,"2019-5-7"
890,372,2,"2017-5-24"
891,372,2,"2018-5-24"
892,373,2,"2018-2-9"
893,374,2,"2018-9-19"
894,375,2,"2017-12-15"
895,376,2,"2018-11-26"
896,377,2,"2019-4-20"
897,378,2,"2018-4-13"
898,379,1,"2019-3-28"
899,379,1,"2019-4-29"
900,379,1,"2019-5-29"
901,380,2,"2018-2-2"
902,380,2,"2019-2-2"
903,381,2,"2019-4-6"
904,382,2,"2019-7-22"
905,383,2,"2017-10-21"
906,383,2,"2018-10-21"
907,383,2,"2019-10-21"
908,384,2,"2017-4-2"
909,384,2,"2018-4-2"
910,384,2,"2019-4-2"
911,385,1,"2018-11-9"
912,385,1,"2018-12-9"
913,385,1,"2019-1-9"
914,385,1,"2019-2-9"
915,386,2,"2019-1-8"
916,387,2,"2018-12-2"
917,388,2,"2018-1-3"
918,388,2,"2019-1-3"
919,389,1,"2017-12-8"
920,390,1,"2019-4-13"
921,391,2,"2018-12-28"
922,392,2,"2017-3-3"
923,392,2,"2018-3-3"
924,392,2,"2019-3-3"
925,393,2,"2017-2-18"
926,393,2,"2018-2-18"
927,393,2,"2019-2-18"
928,394,2,"2018-9-21"
929,395,2,"2018-1-4"
930,395,2,"2019-1-4"
931,396,2,"2019-8-14"
932,397,2,"2018-10-20"
933,398,2,"2019-1-22"
934,399,2,"2017-2-1"
935,399,2,"2018-2-1"
936,399,2,"2019-2-1"
937,400,1,"2017-8-8"
938,400,1,"2017-9-9"
939,400,1,"2017-10-9"
940,401,1,"2019-1-28"
941,401,1,"2019-2-28"
942,401,1,"2019-3-28"
943,402,2,"2017-3-27"
944,403,2,"2019-10-23"
945,404,2,"2017-3-24"
946,404,2,"2018-3-24"
947,405,2,"2017-8-1"
948,405,2,"2018-8-1"
949,406,2,"2019-8-14"
950,407,2,"2017-4-21"
951,407,2,"2018-4-21"
952,407,2,"2019-4-21"
953,408,2,"2018-10-23"
954,408,2,"2019-10-23"
955,409,2,"2018-12-27"
956,410,1,"2019-10-5"
957,410,1,"2019-11-5"
958,411,1,"2018-11-19"
959,411,1,"2018-12-19"
960,412,2,"2017-11-3"
961,412,2,"2018-11-3"
962,412,2,"2019-11-3"
963,413,2,"2017-10-26"
964,414,2,"2018-3-29"
965,415,1,"2017-4-8"
966,415,1,"2017-5-8"
967,416,1,"2017-8-10"
968,416,1,"2017-9-10"
969,416,1,"2017-10-10"
970,416,1,"2017-11-11"
971,416,1,"2017-12-11"
972,416,1,"2018-1-11"
973,416,1,"2018-2-11"
974,417,2,"2017-12-2"
975,417,2,"2018-12-2"
976,418,2,"2019-6-25"
977,419,2,"2019-10-7"
978,420,1,"2017-4-6"
979,421,2,"2018-5-15"
980,421,2,"2019-5-15"
981,422,2,"2017-3-6"
982,422,2,"2018-3-6"
983,423,2,"2019-5-27"
984,424,1,"2017-6-11"
985,424,1,"2017-7-11"
986,424,1,"2017-8-11"
987,424,1,"2017-9-12"
988,424,1,"2017-10-13"
989,424,1,"2017-11-13"
990,424,1,"2017-12-14"
991,424,1,"2018-1-14"
992,424,1,"2018-2-14"
993,424,1,"2018-3-14"
994,425,2,"2019-7-31"
995,426,2,"2017-6-27"
996,426,2,"2018-6-27"
997,427,1,"2017-3-11"
998,428,1,"2018-8-14"
999,428,1,"2018-9-14"
1000,428,1,"2018-10-14"
1001,428,1,"2018-11-14"
1002,428,1,"2018-12-14"
1003,428,1,"2019-1-14"
1004,429,1,"2019-1-16"
1005,430,2,"2018-12-23"
1006,431,2,"2018-3-22"
1007,431,2,"2019-3-22"
1008,432,2,"2018-2-21"
1009,432,2,"2019-2-21"
1010,433,2,"2017-10-31"
1011,434,2,"2018-1-15"
1012,434,2,"2019-1-15"
1013,435,2,"2019-6-7"
1014,436,2,"2017-2-7"
1015,436,2,"2018-2-7"
1016,436,2,"2019-2-7"
1017,437,2,"2017-8-23"
1018,437,2,"2018-8-23"
1019,437,2,"2019-8-23"
1020,438,2,"2017-11-4"
1021,439,2,"2018-8-10"
1022,439,2,"2019-8-10"
1023,440,2,"2019-5-12"
1024,441,2,"2019-2-26"
1025,442,2,"2017-8-18"
1026,442,2,"2018-8-18"
1027,442,2,"2019-8-18"
1028,443,2,"2019-4-14"
1029,444,2,"2019-5-9"
1030,445,2,"2017-8-25"
1031,445,2,"2018-8-25"
1032,445,2,"2019-8-25"
1033,446,2,"2018-2-11"
1034,446,2,"2019-2-11"
1035,447,1,"2017-4-7"
1036,447,1,"2017-5-7"
1037,447,1,"2017-6-7"
1038,447,1,"2017-7-7"
1039,448,2,"2017-2-14"
1040,449,2,"2019-7-26"
1041,450,2,"2017-8-17"
1042,450,2,"2018-8-17"
1043,450,2,"2019-8-17"
1044,451,2,"2019-1-28"
1045,452,2,"2018-5-29"
1046,452,2,"2019-5-30"
1047,453,2,"2019-2-4"
1048,454,2,"2018-8-23"
1049,454,2,"2019-8-23"
1050,455,1,"2018-9-8"
1051,455,1,"2018-10-8"
1052,456,2,"2019-7-25"
1053,457,2,"2017-12-30"
1054,457,2,"2018-12-30"
1055,458,2,"2018-9-11"
1056,458,2,"2019-9-11"
1057,459,2,"2018-6-17"
1058,459,2,"2019-6-17"
1059,460,2,"2019-1-16"
1060,461,1,"2017-5-10"
1061,462,2,"2017-1-5"
1062,463,2,"2017-4-28"
1063,463,2,"2018-4-28"
1064,464,2,"2018-10-20"
1065,465,2,"2018-3-14"
1066,465,2,"2019-3-14"
1067,466,2,"2017-6-24"
1068,466,2,"2018-6-25"
1069,466,2,"2019-6-25"
1070,467,1,"2017-3-26"
1071,467,1,"2017-4-26"
1072,467,1,"2017-5-26"
1073,467,1,"2017-6-27"
1074,467,1,"2017-7-27"
1075,467,1,"2017-8-27"
1076,468,1,"2017-6-26"
1077,468,1,"2017-7-26"
1078,469,2,"2017-5-30"
1079,469,2,"2018-5-30"
1080,469,2,"2019-5-30"
1081,470,2,"2017-9-22"
1082,470,2,"2018-9-22"
1083,471,2,"2018-4-7"
1084,472,1,"2018-5-1"
1085,473,2,"2019-4-19"
1086,474,2,"2019-4-19"
1087,475,2,"2019-7-23"
1088,476,1,"2018-7-20"
1089,476,1,"2018-8-20"
1090,476,1,"2018-9-20"
1091,477,2,"2018-10-17"
1092,478,2,"2017-12-22"
1093,478,2,"2018-12-22"
1094,479,1,"2018-6-1"
1095,479,1,"2018-7-1"
1096,479,1,"2018-8-1"
1097,479,1,"2018-9-1"
1098,479,1,"2018-10-1"
1099,479,1,"2018-11-1"
1100,479,1,"2018-12-1"
1101,479,1,"2019-1-1"
1102,479,1,"2019-2-1"
1103,479,1,"2019-3-1"
1104,479,1,"2019-4-1"
1105,479,1,"2019-5-1"
1106,480,2,"2018-11-17"
1107,481,2,"2019-4-20"
1108,482,2,"2019-2-27"
1109,483,2,"2017-5-15"
1110,484,1,"2019-3-7"
1111,485,2,"2018-4-1"
1112,485,2,"2019-4-1"
1113,486,2,"2017-9-3"
1114,486,2,"2018-9-3"
1115,487,1,"2018-12-14"
1116,487,1,"2019-1-14"
1117,487,1,"2019-2-14"
1118,488,1,"2018-3-21"
1119,488,1,"2018-4-21"
1120,488,1,"2018-5-21"
1121,488,1,"2018-6-21"
1122,488,1,"2018-7-21"
1123,488,1,"2018-8-22"
1124,488,1,"2018-9-22"
1125,488,1,"2018-10-22"
1126,488,1,"2018-11-22"
1127,489,2,"2019-7-4"
1128,490,2,"2017-11-16"
1129,490,2,"2018-11-16"
1130,491,1,"2019-2-23"
1131,491,1,"2019-3-23"
1132,492,2,"2018-1-12"
1133,492,2,"2019-1-12"
1134,493,1,"2017-12-11"
1135,493,1,"2018-1-11"
1136,493,1,"2018-2-11"
1137,493,1,"2018-3-11"
1138,493,1,"2018-4-11"
1139,493,1,"2018-5-12"
1140,493,1,"2018-6-12"
1141,493,1,"2018-7-12"
1142,493,1,"2018-8-12"
1143,493,1,"2018-9-12"
1144,493,1,"2018-10-12"
1145,493,1,"2018-11-12"
1146,493,1,"2018-12-12"
1147,493,1,"2019-1-12"
1148,493,1,"2019-2-12"
1149,493,1,"2019-3-12"
1150,493,1,"2019-4-12"
1151,493,1,"2019-5-12"
1152,493,1,"2019-6-12"
1153,493,1,"2019-7-12"
1154,493,1,"2019-8-12"
1155,493,1,"2019-9-12"
1156,493,1,"2019-10-12"
1157,494,2,"2017-7-13"
1158,494,2,"2018-7-14"
1159,495,2,"2017-6-8"
1160,495,2,"2018-6-8"
1161,495,2,"2019-6-8"
1162,496,2,"2017-4-15"
1163,496,2,"2018-4-15"
1164,496,2,"2019-4-15"
1165,497,2,"2017-10-14"
1166,498,2,"2018-3-25"
1167,498,2,"2019-3-25"
1168,499,2,"2019-6-12"
1169,500,2,"2018-3-30"
1170,500,2,"2019-3-30"
1171,501,2,"2017-11-17"
1172,501,2,"2018-11-17"
1173,502,2,"2017-6-6"
1174,502,2,"2018-6-6"
1175,502,2,"2019-6-6"
1176,503,2,"2017-12-4"
1177,503,2,"2018-12-4"
1178,504,2,"2018-3-1"
1179,504,2,"2019-3-1"
1180,505,2,"2017-9-3"
1181,505,2,"2018-9-4"
1182,506,2,"2019-10-11"
1183,507,2,"2018-6-2"
1184,508,2,"2019-3-7"
1185,509,1,"2019-5-12"
1186,509,1,"2019-6-12"
1187,510,2,"2019-3-3"
1188,511,2,"2017-8-28"
1189,511,2,"2018-8-28"
1190,511,2,"2019-8-28"
1191,512,2,"2019-8-11"
1192,513,2,"2017-7-24"
1193,513,2,"2018-7-24"
1194,513,2,"2019-7-24"
1195,514,2,"2018-1-7"
1196,514,2,"2019-1-7"
1197,515,2,"2017-4-26"
1198,516,2,"2017-8-6"
1199,517,1,"2018-7-3"
1200,517,1,"2018-8-3"
1201,517,1,"2018-9-4"
1202,518,2,"2018-4-4"
1203,518,2,"2019-4-6"
1204,519,1,"2017-1-3"
1205,520,2,"2019-10-15"
1206,521,2,"2019-8-24"
1207,522,2,"2017-2-13"
1208,523,2,"2017-11-21"
1209,524,1,"2018-1-3"
1210,524,1,"2018-2-3"
1211,525,2,"2017-6-11"
1212,525,2,"2018-6-11"
1213,525,2,"2019-6-11"
1214,526,2,"2019-8-27"
1215,527,2,"2018-1-27"
1216,527,2,"2019-1-27"
1217,528,1,"2018-7-22"
1218,529,2,"2017-10-22"
1219,529,2,"2018-10-22"
1220,529,2,"2019-10-22"
1221,530,2,"2018-8-9"
1222,530,2,"2019-8-9"
1223,531,2,"2019-8-2"
1224,532,1,"2017-3-2"
1225,532,1,"2017-4-2"
1226,533,2,"2018-9-24"
1227,534,2,"2019-3-17"
1228,535,2,"2019-4-22"
1229,536,2,"2017-5-24"
1230,536,2,"2018-5-24"
1231,536,2,"2019-5-24"
1232,537,2,"2017-1-15"
1233,537,2,"2018-1-15"
1234,538,2,"2018-8-4"
1235,538,2,"2019-8-4"
1236,539,2,"2018-1-7"
1237,540,1,"2018-12-2"
1238,540,1,"2019-1-3"
1239,540,1,"2019-2-3"
1240,540,1,"2019-3-3"
1241,541,2,"2019-6-22"
1242,542,2,"2017-6-10"
1243,542,2,"2018-6-10"
1244,542,2,"2019-6-10"
1245,543,2,"2017-6-17"
1246,543,2,"2018-6-18"
1247,543,2,"2019-6-19"
1248,544,2,"2018-6-29"
1249,544,2,"2019-6-29"
1250,545,2,"2017-11-26"
1251,546,2,"2017-6-14"
1252,546,2,"2018-6-14"
1253,546,2,"2019-6-14"
1254,547,2,"2018-5-11"
1255,547,2,"2019-5-11"
1256,548,2,"2017-7-1"
1257,548,2,"2018-7-1"
1258,548,2,"2019-7-1"
1259,549,2,"2018-1-27"
1260,549,2,"2019-1-27"
1261,550,2,"2017-11-25"
1262,550,2,"2018-11-25"
1263,551,2,"2019-6-25"
1264,552,2,"2018-11-2"
1265,552,2,"2019-11-2"
1266,553,2,"2017-5-10"
1267,553,2,"2018-5-10"
1268,554,2,"2018-6-15"
1269,554,2,"2019-6-15"
1270,555,2,"2018-1-30"
1271,555,2,"2019-1-30"
1272,556,2,"2019-10-20"
1273,557,2,"2019-8-3"
1274,558,2,"2017-3-5"
1275,559,2,"2018-11-1"
1276,559,2,"2019-11-1"
1277,560,2,"2017-5-17"
1278,561,2,"2018-12-24"
1279,562,1,"2018-10-11"
1280,562,1,"2018-11-11"
1281,563,2,"2017-11-27"
1282,563,2,"2018-11-29"
1283,564,2,"2018-4-5"
1284,564,2,"2019-4-5"
1285,565,2,"2019-6-11"
1286,566,2,"2019-2-6"
1287,567,2,"2019-9-29"
1288,568,2,"2018-6-25"
1289,568,2,"2019-6-25"
1290,569,2,"2017-12-25"
1291,569,2,"2018-12-25"
1292,570,2,"2019-9-23"
1293,571,1,"2019-5-30"
1294,571,1,"2019-6-30"
1295,572,2,"2019-10-20"
1296,573,2,"2018-10-12"
1297,573,2,"2019-10-12"
1298,574,2,"2019-2-28"
1299,575,1,"2019-3-26"
1300,575,1,"2019-4-26"
1301,575,1,"2019-5-27"
1302,575,1,"2019-6-29"
1303,575,1,"2019-7-29"
1304,575,1,"2019-8-29"
1305,575,1,"2019-9-29"
1306,575,1,"2019-10-29"
1307,576,2,"2019-1-1"
1308,577,2,"2019-9-25"
1309,578,1,"2018-5-19"
1310,578,1,"2018-6-19"
1311,579,2,"2019-1-24"
1312,580,1,"2017-7-9"
1313,580,1,"2017-8-9"
1314,580,1,"2017-9-9"
1315,580,1,"2017-10-9"
1316,580,1,"2017-11-9"
1317,580,1,"2017-12-9"
1318,581,2,"2018-9-29"
1319,582,2,"2018-4-14"
1320,582,2,"2019-4-14"
1321,583,1,"2017-3-20"
1322,584,2,"2019-7-21"
1323,585,1,"2018-7-1"
1324,585,1,"2018-8-1"
1325,585,1,"2018-9-1"
1326,586,2,"2018-3-11"
1327,586,2,"2019-3-11"
1328,587,2,"2018-12-7"
1329,588,2,"2017-4-22"
1330,588,2,"2018-4-22"
1331,589,2,"2017-5-10"
1332,589,2,"2018-5-10"
1333,589,2,"2019-5-10"
1334,590,1,"2017-3-11"
1335,590,1,"2017-4-11"
1336,591,2,"2017-3-2"
1337,592,2,"2019-2-23"
1338,593,2,"2018-5-19"
1339,594,2,"2019-2-2"
1340,595,2,"2017-7-23"
1341,595,2,"2018-7-23"
1342,595,2,"2019-7-23"
1343,596,2,"2018-5-13"
1344,596,2,"2019-5-15"
1345,597,2,"2018-3-27"
1346,597,2,"2019-3-27"
1347,598,2,"2017-10-20"
1348,598,2,"2018-10-20"
1349,598,2,"2019-10-20"
1350,599,2,"2017-12-23"
1351,599,2,"2018-12-23"
1352,600,2,"2018-7-29"
1353,600,2,"2019-7-31"
1354,601,2,"2019-3-26"
1355,602,2,"2017-2-4"
1356,603,1,"2019-6-24"
1357,603,1,"2019-7-24"
1358,604,1,"2019-9-20"
1359,604,1,"2019-10-20"
1360,605,2,"2017-3-8"
1361,606,2,"2017-6-17"
1362,606,2,"2018-6-17"
1363,606,2,"2019-6-17"
1364,607,2,"2018-5-9"
1365,607,2,"2019-5-9"
1366,608,1,"2018-5-3"
1367,608,1,"2018-6-3"
1368,608,1,"2018-7-3"
1369,609,2,"2017-5-8"
1370,609,2,"2018-5-8"
1371,609,2,"2019-5-8"
1372,610,2,"2018-6-30"
1373,610,2,"2019-6-30"
1374,611,2,"2018-2-28"
1375,611,2,"2019-2-28"
1376,612,1,"2018-7-1"
1377,613,1,"2018-4-29"
1378,614,2,"2018-4-12"
1379,614,2,"2019-4-12"
1380,615,2,"2017-3-15"
1381,615,2,"2018-3-15"
1382,616,2,"2017-1-7"
1383,616,2,"2018-1-7"
1384,616,2,"2019-1-7"
1385,617,2,"2019-5-23"
1386,618,1,"2017-10-31"
1387,619,1,"2018-7-4"
1388,619,1,"2018-8-4"
1389,619,1,"2018-9-4"
1390,619,1,"2018-10-4"
1391,619,1,"2018-11-5"
1392,619,1,"2018-12-5"
1393,619,1,"2019-1-5"
1394,619,1,"2019-2-5"
1395,619,1,"2019-3-5"
1396,620,2,"2018-4-16"
1397,620,2,"2019-4-16"
1398,621,2,"2019-8-9"
1399,622,1,"2018-7-30"
1400,623,1,"2017-7-8"
1401,623,1,"2017-8-8"
1402,623,1,"2017-9-8"
1403,623,1,"2017-10-8"
1404,623,1,"2017-11-8"
1405,623,1,"2017-12-8"
1406,623,1,"2018-1-8"
1407,623,1,"2018-2-8"
1408,623,1,"2018-3-8"
1409,623,1,"2018-4-8"
1410,624,2,"2019-8-7"
1411,625,2,"2019-6-16"
1412,626,1,"2019-5-2"
1413,626,1,"2019-6-2"
1414,627,1,"2017-12-12"
1415,628,2,"2018-10-14"
1416,628,2,"2019-10-14"
1417,629,1,"2017-7-29"
1418,630,2,"2017-10-9"
1419,630,2,"2018-10-9"
1420,631,2,"2018-3-16"
1421,632,2,"2017-1-31"
1422,633,1,"2018-7-19"
1423,633,1,"2018-8-19"
1424,634,1,"2017-2-18"
1425,635,2,"2017-4-1"
1426,635,2,"2018-4-1"
1427,635,2,"2019-4-1"
1428,636,1,"2018-6-6"
1429,636,1,"2018-7-6"
1430,637,1,"2017-7-20"
1431,637,1,"2017-8-20"
1432,637,1,"2017-9-20"
1433,637,1,"2017-10-21"
1434,637,1,"2017-11-21"
1435,637,1,"2017-12-21"
1436,637,1,"2018-1-21"
1437,637,1,"2018-2-21"
1438,637,1,"2018-3-21"
1439,638,2,"2018-8-8"
1440,638,2,"2019-8-8"
1441,639,2,"2019-9-12"
1442,640,2,"2017-4-21"
1443,640,2,"2018-4-21"
1444,640,2,"2019-4-21"
1445,641,2,"2017-9-14"
1446,641,2,"2018-9-14"
1447,641,2,"2019-9-14"
1448,642,2,"2019-10-26"
1449,643,2,"2017-4-22"
1450,643,2,"2018-4-22"
1451,644,2,"2019-5-19"
1452,645,2,"2019-1-28"
1453,646,1,"2019-2-14"
1454,646,1,"2019-3-14"
1455,646,1,"2019-4-15"
1456,647,1,"2017-5-11"
1457,647,1,"2017-6-11"
1458,647,1,"2017-7-11"
1459,647,1,"2017-8-11"
1460,648,1,"2019-6-29"
1461,649,1,"2019-9-15"
1462,650,2,"2017-12-23"
1463,651,1,"2017-6-1"
1464,652,1,"2018-5-3"
1465,652,1,"2018-6-3"
1466,652,1,"2018-7-3"
1467,652,1,"2018-8-3"
1468,652,1,"2018-9-3"
1469,652,1,"2018-10-3"
1470,653,1,"2017-11-20"
1471,653,1,"2017-12-20"
1472,654,2,"2018-9-5"
1473,654,2,"2019-9-6"
1474,655,1,"2017-2-17"
1475,655,1,"2017-3-17"
1476,655,1,"2017-4-17"
1477,655,1,"2017-5-17"
1478,656,2,"2019-4-9"
1479,657,2,"2019-9-11"
1480,658,2,"2017-11-6"
1481,658,2,"2018-11-6"
1482,659,2,"2017-12-3"
1483,659,2,"2018-12-3"
1484,660,2,"2017-8-11"
1485,660,2,"2018-8-11"
1486,660,2,"2019-8-11"
1487,661,2,"2017-10-26"
1488,661,2,"2018-10-26"
1489,661,2,"2019-10-26"
1490,662,2,"2018-9-5"
1491,662,2,"2019-9-5"
1492,663,1,"2018-8-8"
1493,664,2,"2018-12-10"
1494,665,2,"2017-7-16"
1495,665,2,"2018-7-16"
1496,665,2,"2019-7-16"
1497,666,2,"2018-9-13"
1498,666,2,"2019-9-13"
1499,667,2,"2017-8-17"
1500,667,2,"2018-8-17"
1501,667,2,"2019-8-17"
1502,668,2,"2018-7-12"
1503,668,2,"2019-7-12"
1504,669,1,"2017-4-1"
1505,670,1,"2019-5-16"
1506,670,1,"2019-6-16"
1507,670,1,"2019-7-16"
1508,670,1,"2019-8-16"
1509,670,1,"2019-9-16"
1510,670,1,"2019-10-16"
1511,671,2,"2017-8-21"
1512,671,2,"2018-8-22"
1513,671,2,"2019-8-22"
1514,672,1,"2017-11-20"
1515,672,1,"2017-12-20"
1516,672,1,"2018-1-20"
1517,673,2,"2017-5-8"
1518,673,2,"2018-5-8"
1519,673,2,"2019-5-8"
1520,674,2,"2017-5-14"
1521,674,2,"2018-5-14"
1522,674,2,"2019-5-15"
1523,675,2,"2017-2-16"
1524,675,2,"2018-2-16"
1525,675,2,"2019-2-16"
1526,676,2,"2019-9-23"
1527,677,2,"2017-6-4"
1528,677,2,"2018-6-4"
1529,677,2,"2019-6-4"
1530,678,1,"2019-7-19"
1531,679,2,"2018-12-2"
1532,680,2,"2017-8-27"
1533,680,2,"2018-8-27"
1534,680,2,"2019-8-28"
1535,681,1,"2017-11-26"
1536,681,1,"2017-12-26"
1537,682,1,"2018-3-3"
1538,682,1,"2018-4-3"
1539,683,2,"2017-11-20"
1540,683,2,"2018-11-20"
1541,684,2,"2017-4-15"
1542,684,2,"2018-4-15"
1543,684,2,"2019-4-15"
1544,685,2,"2017-12-23"
1545,686,2,"2017-11-6"
1546,686,2,"2018-11-6"
1547,686,2,"2019-11-6"
1548,687,2,"2017-11-16"
1549,688,1,"2017-7-26"
1550,689,1,"2019-10-2"
1551,689,1,"2019-11-2"
1552,690,2,"2018-1-3"
1553,690,2,"2019-1-3"
1554,691,2,"2017-10-21"
1555,691,2,"2018-10-21"
1556,691,2,"2019-10-21"
1557,692,2,"2019-3-24"
1558,693,2,"2019-4-12"
1559,694,2,"2019-5-10"
1560,695,2,"2019-2-2"
1561,696,2,"2017-9-11"
1562,697,2,"2017-6-2"
1563,697,2,"2018-6-2"
1564,697,2,"2019-6-3"
1565,698,2,"2017-9-7"
1566,698,2,"2018-9-7"
1567,698,2,"2019-9-7"
1568,699,2,"2017-4-30"
1569,699,2,"2018-4-30"
1570,700,2,"2018-1-16"
1571,700,2,"2019-1-16"
1572,701,2,"2017-4-23"
1573,701,2,"2018-4-23"
1574,701,2,"2019-4-23"
1575,702,1,"2017-10-17"
1576,703,2,"2018-8-23"
1577,704,2,"2018-8-30"
1578,705,1,"2019-4-28"
1579,705,1,"2019-5-28"
1580,706,2,"2019-2-13"
1581,707,2,"2018-8-8"
1582,708,2,"2017-10-12"
1583,708,2,"2018-10-12"
1584,709,2,"2017-7-12"
1585,710,2,"2017-11-28"
1586,711,2,"2017-7-27"
1587,711,2,"2018-7-27"
1588,711,2,"2019-7-27"
1589,712,2,"2019-8-16"
1590,713,2,"2017-6-12"
1591,713,2,"2018-6-12"
1592,713,2,"2019-6-12"
1593,714,2,"2017-9-16"
1594,715,2,"2019-8-17"
1595,716,2,"2018-6-19"
1596,716,2,"2019-6-19"
1597,717,2,"2019-3-25"
1598,718,2,"2018-4-15"
1599,718,2,"2019-4-15"
1600,719,2,"2017-2-24"
1601,719,2,"2018-2-24"
1602,720,2,"2018-5-26"
1603,720,2,"2019-5-26"
1604,721,2,"2019-8-3"
1605,722,1,"2018-4-15"
1606,722,1,"2018-5-15"
1607,723,2,"2018-10-23"
1608,724,1,"2019-10-4"
1609,724,1,"2019-11-4"
1610,725,2,"2018-7-26"
1611,725,2,"2019-7-26"
1612,726,2,"2018-5-13"
1613,726,2,"2019-5-13"
1614,727,2,"2019-6-22"
1615,728,2,"2019-9-5"
1616,729,2,"2017-4-3"
1617,730,2,"2019-3-10"
1618,731,1,"2019-7-5"
1619,732,1,"2018-6-29"
1620,732,1,"2018-7-29"
1621,733,2,"2019-3-1"
1622,734,2,"2017-2-11"
1623,734,2,"2018-2-11"
1624,734,2,"2019-2-11"
1625,735,2,"2018-2-1"
1626,735,2,"2019-2-1"
1627,736,1,"2017-8-1"
1628,737,2,"2019-4-10"
1629,738,2,"2018-5-14"
1630,738,2,"2019-5-14"
1631,739,2,"2019-8-17"
1632,740,2,"2017-10-7"
1633,741,1,"2017-9-15"
1634,741,1,"2017-10-15"
1635,741,1,"2017-11-15"
1636,741,1,"2017-12-15"
1637,741,1,"2018-1-15"
1638,742,2,"2018-2-6"
1639,743,1,"2018-10-8"
1640,743,1,"2018-11-8"
1641,743,1,"2018-12-8"
1642,743,1,"2019-1-8"
1643,743,1,"2019-2-8"
1644,744,2,"2018-9-19"
1645,744,2,"2019-9-19"
1646,745,2,"2017-11-22"
1647,745,2,"2018-11-22"
1648,746,2,"2018-4-10"
1649,746,2,"2019-4-10"
1650,747,2,"2018-9-26"
1651,747,2,"2019-9-26"
1652,748,1,"2018-11-17"
1653,748,1,"2018-12-17"
1654,748,1,"2019-1-17"
1655,748,1,"2019-2-17"
1656,748,1,"2019-3-20"
1657,748,1,"2019-4-20"
1658,749,1,"2017-7-13"
1659,749,1,"2017-8-13"
1660,749,1,"2017-9-13"
1661,749,1,"2017-10-13"
1662,749,1,"2017-11-13"
1663,749,1,"2017-12-13"
1664,749,1,"2018-1-13"
1665,749,1,"2018-2-13"
1666,749,1,"2018-3-13"
1667,749,1,"2018-4-13"
1668,749,1,"2018-5-14"
1669,749,1,"2018-6-17"
1670,749,1,"2018-7-17"
1671,750,2,"2017-11-24"
1672,750,2,"2018-11-24"
1673,751,2,"2018-8-3"
1674,751,2,"2019-8-3"
1675,752,2,"2017-11-17"
1676,752,2,"2018-11-17"
1677,753,1,"2019-1-14"
1678,754,2,"2017-11-28"
1679,754,2,"2018-11-28"
1680,755,2,"2018-2-7"
1681,755,2,"2019-2-7"
1682,756,2,"2019-1-1"
1683,757,2,"2017-10-4"
1684,758,2,"2019-9-12"
1685,759,1,"2019-4-9"
1686,760,2,"2017-10-4"
1687,761,2,"2017-9-1"
1688,761,2,"2018-9-1"
1689,761,2,"2019-9-1"
1690,762,2,"2019-7-19"
1691,763,2,"2017-3-2"
1692,764,2,"2018-3-19"
1693,764,2,"2019-3-19"
1694,765,2,"2019-3-5"
1695,766,2,"2017-5-27"
1696,766,2,"2018-5-27"
1697,766,2,"2019-5-27"
1698,767,2,"2017-5-26"
1699,767,2,"2018-5-26"
1700,767,2,"2019-5-26"
1701,768,1,"2017-1-9"
1702,768,1,"2017-2-9"
1703,768,1,"2017-3-9"
1704,768,1,"2017-4-9"
1705,768,1,"2017-5-9"
1706,769,2,"2018-7-13"
1707,769,2,"2019-7-13"
1708,770,2,"2018-8-17"
1709,770,2,"2019-8-17"
1710,771,2,"2017-10-15"
1711,771,2,"2018-10-15"
1712,771,2,"2019-10-15"
1713,772,2,"2019-9-17"
1714,773,1,"2017-4-9"
1715,773,1,"2017-5-9"
1716,774,1,"2017-9-17"
1717,774,1,"2017-10-17"
1718,774,1,"2017-11-17"
1719,775,2,"2018-6-15"
1720,776,2,"2019-7-18"
1721,777,1,"2018-9-2"
1722,777,1,"2018-10-2"
1723,777,1,"2018-11-2"
1724,777,1,"2018-12-2"
1725,778,2,"2017-5-21"
1726,779,2,"2017-10-13"
1727,779,2,"2018-10-14"
1728,779,2,"2019-10-14"
1729,780,2,"2017-11-24"
1730,780,2,"2018-11-24"
1731,781,2,"2019-5-17"
1732,782,2,"2018-1-28"
1733,782,2,"2019-1-28"
1734,783,2,"2018-12-24"
1735,784,1,"2017-12-1"
1736,784,1,"2018-1-1"
1737,784,1,"2018-2-1"
1738,784,1,"2018-3-1"
1739,784,1,"2018-4-1"
1740,784,1,"2018-5-1"
1741,784,1,"2018-6-1"
1742,785,2,"2018-5-6"
1743,785,2,"2019-5-6"
1744,786,2,"2019-5-4"
1745,787,1,"2017-10-4"
1746,787,1,"2017-11-4"
1747,787,1,"2017-12-4"
1748,787,1,"2018-1-4"
1749,788,2,"2017-3-17"
1750,788,2,"2018-3-17"
1751,789,2,"2017-8-17"
1752,789,2,"2018-8-17"
1753,790,2,"2017-7-22"
1754,790,2,"2018-7-22"
1755,791,2,"2018-10-21"
1756,791,2,"2019-10-21"
1757,792,2,"2017-12-15"
1758,792,2,"2018-12-16"
1759,793,2,"2019-3-18"
1760,794,2,"2017-9-14"
1761,794,2,"2018-9-14"
1762,794,2,"2019-9-14"
1763,795,1,"2018-4-29"
1764,795,1,"2018-5-29"
1765,795,1,"2018-6-30"
1766,796,2,"2018-1-8"
1767,796,2,"2019-1-8"
1768,797,2,"2019-10-29"
1769,798,2,"2017-4-13"
1770,798,2,"2018-4-13"
1771,798,2,"2019-4-13"
1772,799,2,"2018-9-14"
1773,800,2,"2017-11-28"
1774,800,2,"2018-11-29"
1775,801,1,"2019-4-2"
1776,801,1,"2019-5-2"
1777,801,1,"2019-6-2"
1778,801,1,"2019-7-2"
1779,801,1,"2019-8-2"
1780,801,1,"2019-9-2"
1781,801,1,"2019-10-2"
1782,801,1,"2019-11-3"
1783,802,2,"2019-5-24"
1784,803,1,"2018-10-23"
1785,804,1,"2019-2-28"
1786,804,1,"2019-3-28"
1787,804,1,"2019-4-28"
1788,804,1,"2019-5-28"
1789,804,1,"2019-6-28"
1790,804,1,"2019-7-28"
1791,804,1,"2019-8-28"
1792,804,1,"2019-9-28"
1793,805,2,"2019-3-18"
1794,806,1,"2019-1-30"
1795,806,1,"2019-2-28"
1796,806,1,"2019-3-28"
1797,806,1,"2019-4-28"
1798,807,1,"2019-10-25"
1799,808,2,"2019-5-3"
1800,809,2,"2017-8-24"
1801,809,2,"2018-8-24"
1802,809,2,"2019-8-24"
1803,810,2,"2018-10-22"
1804,810,2,"2019-10-22"
1805,811,1,"2018-5-21"
1806,811,1,"2018-6-21"
1807,811,1,"2018-7-21"
1808,811,1,"2018-8-21"
1809,811,1,"2018-9-21"
1810,811,1,"2018-10-21"
1811,811,1,"2018-11-21"
1812,811,1,"2018-12-21"
1813,812,2,"2017-10-30"
1814,813,1,"2018-3-9"
1815,814,2,"2017-9-30"
1816,814,2,"2018-10-1"
1817,814,2,"2019-10-1"
1818,815,2,"2018-6-8"
1819,815,2,"2019-6-8"
1820,816,1,"2019-8-8"
1821,816,1,"2019-9-8"
1822,816,1,"2019-10-8"
1823,817,2,"2017-11-1"
1824,817,2,"2018-11-1"
1825,818,2,"2017-2-28"
1826,818,2,"2018-2-28"
1827,818,2,"2019-2-28"
1828,819,2,"2018-2-12"
1829,819,2,"2019-2-12"
1830,820,2,"2019-2-8"
1831,821,2,"2018-10-31"
1832,821,2,"2019-10-31"
1833,822,2,"2018-1-11"
1834,822,2,"2019-1-11"
1835,823,2,"2018-12-23"
1836,824,2,"2018-4-9"
1837,824,2,"2019-4-10"
1838,825,2,"2018-7-14"
1839,825,2,"2019-7-14"
1840,826,1,"2017-11-17"
1841,827,2,"2018-6-9"
1842,827,2,"2019-6-9"
1843,828,2,"2019-1-20"
1844,829,2,"2018-7-31"
1845,829,2,"2019-7-31"
1846,830,2,"2019-8-15"
1847,831,1,"2017-9-27"
1848,831,1,"2017-10-28"
1849,831,1,"2017-11-29"
1850,831,1,"2017-12-29"
1851,831,1,"2018-1-29"
1852,831,1,"2018-2-28"
1853,831,1,"2018-3-28"
1854,832,2,"2018-3-29"
1855,832,2,"2019-3-29"
1856,833,2,"2018-5-5"
1857,833,2,"2019-5-6"
1858,834,2,"2017-7-7"
1859,834,2,"2018-7-7"
1860,834,2,"2019-7-7"
1861,835,1,"2018-9-7"
1862,835,1,"2018-10-7"
1863,836,2,"2017-10-21"
1864,836,2,"2018-10-22"
1865,836,2,"2019-10-22"
1866,837,2,"2019-4-17"
1867,838,2,"2019-2-13"
1868,839,1,"2018-10-21"
1869,840,2,"2019-1-22"
1870,841,2,"2017-2-4"
1871,841,2,"2018-2-4"
1872,841,2,"2019-2-4"
1873,842,2,"2017-11-6"
1874,843,2,"2019-5-11"
1875,844,2,"2017-11-27"
1876,844,2,"2018-11-27"
1877,845,2,"2019-6-27"
1878,846,1,"2019-5-23"
1879,846,1,"2019-6-23"
1880,847,1,"2019-7-29"
1881,848,2,"2017-12-11"
1882,848,2,"2018-12-11"
1883,849,2,"2017-11-14"
1884,850,2,"2019-4-9"
1885,851,2,"2018-8-26"
1886,851,2,"2019-8-26"
1887,852,2,"2017-6-10"
1888,852,2,"2018-6-10"
1889,852,2,"2019-6-10"
1890,853,1,"2017-7-21"
1891,853,1,"2017-8-21"
1892,853,1,"2017-9-21"
1893,853,1,"2017-10-21"
1894,853,1,"2017-11-21"
1895,853,1,"2017-12-21"
1896,853,1,"2018-1-21"
1897,854,2,"2017-12-4"
1898,854,2,"2018-12-5"
1899,855,2,"2019-4-30"
1900,856,2,"2018-12-2"
1901,857,1,"2017-5-27"
1902,857,1,"2017-6-28"
1903,857,1,"2017-7-28"
1904,858,2,"2017-2-11"
1905,858,2,"2018-2-11"
1906,858,2,"2019-2-11"
1907,859,1,"2018-12-24"
1908,859,1,"2019-1-24"
1909,859,1,"2019-2-24"
1910,860,2,"2018-8-12"
1911,860,2,"2019-8-12"
1912,861,1,"2017-6-11"
1913,861,1,"2017-7-11"
1914,861,1,"2017-8-11"
1915,862,2,"2017-5-18"
1916,862,2,"2018-5-18"
1917,863,2,"2019-5-19"
1918,864,1,"2018-4-15"
1919,864,1,"2018-5-15"
1920,864,1,"2018-6-15"
1921,865,2,"2018-4-28"
1922,866,1,"2017-3-28"
1923,866,1,"2017-4-28"
1924,866,1,"2017-5-28"
1925,866,1,"2017-6-28"
1926,866,1,"2017-7-28"
1927,866,1,"2017-8-28"
1928,866,1,"2017-9-28"
1929,866,1,"2017-10-28"
1930,866,1,"2017-11-28"
1931,866,1,"2017-12-28"
1932,866,1,"2018-1-28"
1933,866,1,"2018-2-28"
1934,866,1,"2018-3-28"
1935,866,1,"2018-4-28"
1936,866,1,"2018-5-28"
1937,866,1,"2018-6-28"
1938,866,1,"2018-7-28"
1939,866,1,"2018-8-28"
1940,866,1,"2018-9-28"
1941,866,1,"2018-10-29"
1942,867,1,"2018-6-28"
1943,867,1,"2018-7-29"
1944,867,1,"2018-8-29"
1945,868,1,"2018-10-16"
1946,869,2,"2019-1-17"
1947,870,2,"2018-6-29"
1948,870,2,"2019-6-29"
1949,871,2,"2018-7-12"
1950,871,2,"2019-7-12"
1951,872,2,"2019-7-11"
1952,873,2,"2018-2-22"
1953,873,2,"2019-2-22"
1954,874,2,"2019-1-16"
1955,875,2,"2019-1-7"
1956,876,2,"2017-9-30"
1957,876,2,"2018-10-2"
1958,876,2,"2019-10-2"
1959,877,2,"2018-5-4"
1960,877,2,"2019-5-4"
1961,878,2,"2019-8-17"
1962,879,2,"2017-6-23"
1963,879,2,"2018-6-23"
1964,879,2,"2019-6-23"
1965,880,2,"2019-8-6"
1966,881,2,"2017-9-1"
1967,881,2,"2018-9-1"
1968,881,2,"2019-9-1"
1969,882,1,"2018-8-1"
1970,883,2,"2017-1-21"
1971,883,2,"2018-1-21"
1972,883,2,"2019-1-21"
1973,884,2,"2019-10-26"
1974,885,1,"2019-8-6"
1975,885,1,"2019-9-6"
1976,885,1,"2019-10-6"
1977,886,2,"2017-10-2"
1978,886,2,"2018-10-2"
1979,886,2,"2019-10-3"
1980,887,2,"2019-5-18"
1981,888,2,"2017-8-10"
1982,888,2,"2018-8-11"
1983,888,2,"2019-8-11"
1984,889,2,"2019-6-19"
1985,890,2,"2018-10-1"
1986,890,2,"2019-10-1"
1987,891,1,"2017-1-15"
1988,891,1,"2017-2-15"
1989,891,1,"2017-3-15"
1990,891,1,"2017-4-16"
1991,891,1,"2017-5-16"
1992,892,1,"2017-3-30"
1993,892,1,"2017-4-30"
1994,892,1,"2017-5-30"
1995,892,1,"2017-6-30"
1996,892,1,"2017-7-30"
1997,893,1,"2019-9-19"
1998,893,1,"2019-10-19"
1999,894,2,"2018-2-4"
2000,894,2,"2019-2-4"
2001,895,2,"2018-8-18"
2002,895,2,"2019-8-18"
2003,896,2,"2019-3-16"
2004,897,1,"2017-7-20"
2005,897,1,"2017-8-20"
2006,898,2,"2017-9-18"
2007,898,2,"2018-9-20"
2008,898,2,"2019-9-20"
2009,899,2,"2018-10-10"
2010,899,2,"2019-10-10"
2011,900,2,"2017-11-23"
2012,900,2,"2018-11-24"
2013,901,2,"2018-10-4"
2014,901,2,"2019-10-4"
2015,902,1,"2018-5-17"
2016,902,1,"2018-6-17"
2017,902,1,"2018-7-17"
2018,902,1,"2018-8-17"
2019,902,1,"2018-9-17"
2020,903,1,"2017-10-15"
2021,903,1,"2017-11-15"
2022,903,1,"2017-12-15"
2023,903,1,"2018-1-15"
2024,903,1,"2018-2-15"
2025,903,1,"2018-3-15"
2026,903,1,"2018-4-15"
2027,903,1,"2018-5-16"
2028,903,1,"2018-6-16"
2029,903,1,"2018-7-16"
2030,904,2,"2019-9-20"
2031,905,2,"2018-1-1"
2032,905,2,"2019-1-1"
2033,906,2,"2017-5-23"
2034,907,2,"2017-8-8"
2035,907,2,"2018-8-8"
2036,908,2,"2018-9-13"
2037,908,2,"2019-9-13"
2038,909,2,"2018-6-27"
2039,909,2,"2019-6-27"
2040,910,2,"2018-8-5"
2041,910,2,"2019-8-5"
2042,911,1,"2019-2-20"
2043,911,1,"2019-3-21"
2044,911,1,"2019-4-21"
2045,911,1,"2019-5-21"
2046,911,1,"2019-6-21"
2047,911,1,"2019-7-21"
2048,911,1,"2019-8-21"
2049,911,1,"2019-9-21"
2050,911,1,"2019-10-22"
2051,912,2,"2017-8-26"
2052,913,1,"2018-3-6"
2053,913,1,"2018-4-6"
2054,914,2,"2019-6-7"
2055,915,2,"2017-11-22"
2056,916,1,"2019-1-28"
2057,916,1,"2019-2-28"
2058,916,1,"2019-3-28"
2059,917,1,"2017-12-28"
2060,917,1,"2018-1-28"
2061,917,1,"2018-2-28"
2062,917,1,"2018-3-28"
2063,917,1,"2018-4-28"
2064,917,1,"2018-5-28"
2065,917,1,"2018-6-28"
2066,917,1,"2018-7-28"
2067,917,1,"2018-8-29"
2068,918,2,"2017-5-3"
2069,918,2,"2018-5-3"
2070,918,2,"2019-5-3"
2071,919,2,"2019-4-7"
2072,920,1,"2017-2-19"
2073,921,2,"2017-8-9"
2074,921,2,"2018-8-9"
2075,921,2,"2019-8-9"
2076,922,2,"2017-5-18"
2077,922,2,"2018-5-18"
2078,922,2,"2019-5-18"
2079,923,2,"2019-10-14"
2080,924,1,"2017-6-13"
2081,924,1,"2017-7-13"
2082,924,1,"2017-8-13"
2083,925,2,"2017-3-6"
2084,925,2,"2018-3-6"
2085,925,2,"2019-3-6"
2086,926,2,"2019-1-30"
2087,927,1,"2017-4-11"
2088,927,1,"2017-5-11"
2089,927,1,"2017-6-12"
2090,927,1,"2017-7-12"
2091,927,1,"2017-8-12"
2092,928,1,"2019-1-5"
2093,928,1,"2019-2-5"
2094,929,2,"2019-2-7"
2095,930,2,"2018-11-26"
2096,931,2,"2017-3-31"
2097,931,2,"2018-3-31"
2098,931,2,"2019-3-31"
2099,932,1,"2018-10-1"
2100,932,1,"2018-11-1"
2101,933,1,"2017-4-13"
2102,933,1,"2017-5-13"
2103,933,1,"2017-6-13"
2104,933,1,"2017-7-14"
2105,933,1,"2017-8-14"
2106,933,1,"2017-9-15"
2107,933,1,"2017-10-15"
2108,933,1,"2017-11-15"
2109,933,1,"2017-12-15"
2110,934,2,"2019-1-24"
2111,935,2,"2018-2-7"
2112,935,2,"2019-2-7"
2113,936,2,"2018-9-30"
2114,937,2,"2018-1-17"
2115,937,2,"2019-1-17"
2116,938,2,"2018-12-28"
2117,939,2,"2018-3-18"
2118,939,2,"2019-3-18"
2119,940,2,"2018-7-1"
2120,941,1,"2018-12-24"
2121,941,1,"2019-1-25"
2122,941,1,"2019-2-25"
2123,941,1,"2019-3-26"
2124,941,1,"2019-4-26"
2125,941,1,"2019-5-26"
2126,941,1,"2019-6-27"
2127,941,1,"2019-7-27"
2128,941,1,"2019-8-27"
2129,941,1,"2019-9-27"
2130,941,1,"2019-10-27"
2131,942,2,"2018-4-16"
2132,942,2,"2019-4-16"
2133,943,1,"2019-2-1"
2134,944,2,"2018-2-11"
2135,944,2,"2019-2-11"
2136,945,2,"2018-2-1"
2137,945,2,"2019-2-1"
2138,946,2,"2019-3-17"
2139,947,2,"2018-9-5"
2140,947,2,"2019-9-5"
2141,948,2,"2017-5-31"
2142,948,2,"2018-5-31"
2143,948,2,"2019-5-31"
2144,949,1,"2017-1-21"
2145,949,1,"2017-2-21"
2146,949,1,"2017-3-21"
2147,949,1,"2017-4-21"
2148,950,2,"2017-4-5"
2149,950,2,"2018-4-5"
2150,950,2,"2019-4-5"
2151,951,2,"2018-8-13"
2152,951,2,"2019-8-13"
2153,952,1,"2017-11-4"
2154,952,1,"2017-12-4"
2155,952,1,"2018-1-4"
2156,952,1,"2018-2-4"
2157,952,1,"2018-3-4"
2158,953,2,"2019-7-21"
2159,954,2,"2019-10-18"
2160,955,2,"2019-3-27"
2161,956,2,"2017-2-8"
2162,956,2,"2018-2-8"
2163,956,2,"2019-2-8"
2164,957,2,"2017-12-12"
2165,957,2,"2018-12-12"
2166,958,2,"2019-9-15"
2167,959,2,"2018-9-18"
2168,959,2,"2019-9-18"
2169,960,2,"2019-4-26"
2170,961,2,"2019-7-10"
2171,962,1,"2019-9-17"
2172,963,2,"2019-7-2"
2173,964,1,"2017-12-12"
2174,965,1,"2018-6-8"
2175,965,1,"2018-7-8"
2176,965,1,"2018-8-8"
2177,966,2,"2019-9-12"
2178,967,2,"2018-6-29"
2179,967,2,"2019-6-29"
2180,968,2,"2018-7-30"
2181,968,2,"2019-7-30"
2182,969,2,"2017-5-18"
2183,969,2,"2018-5-18"
2184,969,2,"2019-5-18"
2185,970,2,"2018-7-3"
2186,970,2,"2019-7-3"
2187,971,2,"2019-4-20"
2188,972,1,"2018-2-12"
2189,972,1,"2018-3-12"
2190,972,1,"2018-4-12"
2191,972,1,"2018-5-12"
2192,972,1,"2018-6-12"
2193,972,1,"2018-7-12"
2194,972,1,"2018-8-12"
2195,972,1,"2018-9-14"
2196,972,1,"2018-10-14"
2197,972,1,"2018-11-14"
2198,972,1,"2018-12-14"
2199,972,1,"2019-1-14"
2200,972,1,"2019-2-15"
2201,972,1,"2019-3-15"
2202,972,1,"2019-4-15"
2203,973,2,"2017-5-16"
2204,973,2,"2018-5-16"
2205,973,2,"2019-5-16"
2206,974,2,"2018-6-8"
2207,974,2,"2019-6-9"
2208,975,1,"2018-4-1"
2209,975,1,"2018-5-1"
2210,975,1,"2018-6-1"
2211,975,1,"2018-7-1"
2212,975,1,"2018-8-2"
2213,975,1,"2018-9-2"
2214,975,1,"2018-10-2"
2215,975,1,"2018-11-2"
2216,975,1,"2018-12-2"
2217,975,1,"2019-1-2"
2218,975,1,"2019-2-2"
2219,976,2,"2017-10-24"
2220,976,2,"2018-10-24"
2221,976,2,"2019-10-24"
2222,977,1,"2017-12-17"
2223,977,1,"2018-1-18"
2224,977,1,"2018-2-18"
2225,977,1,"2018-3-19"
2226,978,2,"2018-8-2"
2227,979,1,"2017-6-30"
2228,979,1,"2017-8-2"
2229,979,1,"2017-9-2"
2230,980,2,"2018-1-17"
2231,980,2,"2019-1-17"
2232,981,2,"2017-7-26"
2233,982,2,"2018-4-21"
2234,983,1,"2017-8-17"
2235,983,1,"2017-9-17"
2236,984,2,"2017-12-26"
2237,984,2,"2018-12-26"
2238,985,1,"2019-8-18"
2239,986,2,"2018-3-18"
2240,986,2,"2019-3-18"
2241,987,2,"2019-7-6"
2242,988,2,"2018-10-18"
2243,989,2,"2017-2-6"
2244,990,2,"2017-2-24"
2245,990,2,"2018-2-24"
2246,990,2,"2019-2-24"
2247,991,2,"2019-3-18"
2248,992,2,"2017-8-24"
2249,992,2,"2018-8-24"
2250,993,2,"2017-11-23"
2251,994,2,"2017-12-8"
2252,994,2,"2018-12-8"
2253,995,2,"2019-2-20"
2254,996,2,"2018-10-4"
2255,996,2,"2019-10-4"
2256,997,2,"2017-5-12"
2257,997,2,"2018-5-14"
2258,997,2,"2019-5-14"
2259,998,2,"2019-2-26"
2260,999,2,"2018-5-29"
2261,999,2,"2019-5-29"
2262,1000,2,"2017-8-4"
2263,1000,2,"2018-8-4"
2264,1000,2,"2019-8-4"
2265,1001,2,"2018-9-15"
2266,1001,2,"2019-9-15"
2267,1002,1,"2017-3-27"
2268,1002,1,"2017-4-27"
2269,1002,1,"2017-5-27"
2270,1002,1,"2017-6-27"
2271,1002,1,"2017-7-27"
2272,1002,1,"2017-8-27"
2273,1002,1,"2017-9-27"
2274,1003,2,"2018-11-10"
2275,1004,2,"2017-5-13"
2276,1004,2,"2018-5-14"
2277,1004,2,"2019-5-14"
2278,1005,1,"2018-3-1"
2279,1005,1,"2018-4-1"
2280,1005,1,"2018-5-1"
2281,1006,1,"2018-7-22"
2282,1006,1,"2018-8-22"
2283,1006,1,"2018-9-22"
2284,1006,1,"2018-10-22"
2285,1007,2,"2018-11-22"
2286,1008,2,"2019-8-7"
2287,1009,2,"2017-6-18"
2288,1010,2,"2018-12-11"
2289,1011,2,"2017-3-29"
2290,1011,2,"2018-3-29"
2291,1011,2,"2019-3-30"
2292,1012,2,"2017-5-15"
2293,1012,2,"2018-5-15"
2294,1012,2,"2019-5-15"
2295,1013,1,"2017-10-5"
2296,1013,1,"2017-11-5"
2297,1013,1,"2017-12-5"
2298,1014,1,"2018-12-21"
2299,1014,1,"2019-1-21"
2300,1014,1,"2019-2-21"
2301,1015,2,"2018-10-19"
2302,1015,2,"2019-10-19"
2303,1016,2,"2019-9-22"
2304,1017,1,"2017-9-12"
2305,1018,2,"2017-2-24"
2306,1018,2,"2018-2-24"
2307,1019,2,"2019-1-20"
2308,1020,2,"2018-10-29"
2309,1020,2,"2019-10-29"
2310,1021,1,"2018-2-13"
2311,1021,1,"2018-3-13"
2312,1022,2,"2017-5-23"
2313,1022,2,"2018-5-23"
2314,1023,1,"2019-8-30"
2315,1023,1,"2019-9-30"
2316,1023,1,"2019-10-30"
2317,1024,2,"2018-2-9"
2318,1024,2,"2019-2-9"
2319,1025,2,"2019-4-11"
2320,1026,1,"2019-10-15"
2321,1027,2,"2017-9-25"
2322,1027,2,"2018-9-25"
2323,1027,2,"2019-9-25"
2324,1028,2,"2017-1-14"
2325,1029,2,"2018-10-30"
2326,1029,2,"2019-10-30"
2327,1030,2,"2017-12-17"
2328,1030,2,"2018-12-17"
2329,1031,2,"2017-5-20"
2330,1032,2,"2017-1-29"
2331,1032,2,"2018-1-30"
2332,1032,2,"2019-2-1"
2333,1033,1,"2019-4-7"
2334,1033,1,"2019-5-7"
2335,1033,1,"2019-6-7"
2336,1033,1,"2019-7-7"
2337,1033,1,"2019-8-7"
2338,1034,2,"2019-8-2"
2339,1035,2,"2017-12-6"
2340,1035,2,"2018-12-6"
2341,1036,2,"2018-12-15"
2342,1037,1,"2019-8-31"
2343,1037,1,"2019-10-1"
2344,1037,1,"2019-11-1"
2345,1038,1,"2018-3-27"
2346,1038,1,"2018-4-27"
2347,1038,1,"2018-5-27"
2348,1038,1,"2018-6-28"
2349,1038,1,"2018-7-28"
2350,1038,1,"2018-8-28"
2351,1038,1,"2018-9-28"
2352,1039,1,"2018-6-13"
2353,1039,1,"2018-7-13"
2354,1039,1,"2018-8-13"
2355,1039,1,"2018-9-13"
2356,1039,1,"2018-10-13"
2357,1039,1,"2018-11-13"
2358,1039,1,"2018-12-13"
2359,1039,1,"2019-1-13"
2360,1039,1,"2019-2-14"
2361,1039,1,"2019-3-14"
2362,1039,1,"2019-4-14"
2363,1039,1,"2019-5-14"
2364,1040,2,"2019-5-7"
2365,1041,1,"2017-10-22"
2366,1041,1,"2017-11-22"
2367,1041,1,"2017-12-22"
2368,1041,1,"2018-1-22"
2369,1041,1,"2018-2-22"
2370,1041,1,"2018-3-22"
2371,1041,1,"2018-4-22"
2372,1041,1,"2018-5-22"
2373,1041,1,"2018-6-22"
2374,1041,1,"2018-7-22"
